URL,Item_ID,Current_Time,Title,Price,Brand,Category,Size,Condition,Color,Material,Description,Favorites_Count,Upload_Date_Raw,Shipping_Cost,Shipping_Options_Count,Is_Boosted,Has_Buyer_Protection,Has_Item_Verification,Seller_User,Seller_Location,Last_Seen,Seller_Rating,Seller_Reviews_Count,Seller_distintivi,Seller_Is_Pro,Other_Items_Previewed_URLs
https://www.vinted.it/items/8681209468-scarpe-reebook,8681209468,20260515_13-34,Scarpe Reebook,19.0,Reebok,Scarpe da ginnastica,42,Ottime,Bianco,,Usate molto poco.,22.0,3 settimane fa,3.29,1,True,True,False,francesc0b0,"Limana, Italia",,5.0,11,['Spedizione rapida'],False,https://www.vinted.it/items/8408699179-monitor-lilliput-a7s|https://www.vinted.it/items/8408855091-gopro-hero-6-black|https://www.vinted.it/items/8546964046-apple-keyboard-con-cavo|https://www.vinted.it/items/8547188696-radio-microfono-lavalier|https://www.vinted.it/items/8547225073-rode-link-filmmaker-radio-mic|https://www.vinted.it/items/8727968895-occhiali-da-sole-timberland
https://www.vinted.it/items/8823590151-sneakers-reebok-tg-425-ottime-condizioni,8823590151,20260515_13-35,Sneakers Reebok tg 42.5 ottime condizioni,7.0,Reebok,Scarpe da tennis,"42,5",Ottime,"Bianco, Verde",,"Sneakers Reebok tg 42.5 ottime condizioni 
Usate pochissimo 
Vendo per inutilizzo",6.0,una settimana fa,2.29,1,True,True,False,7se7en7,,,4.9,495,['Annunci frequenti'],False,https://www.vinted.it/items/7681260663-borsa-a-tracolla-nike-verde-militare-stile-y2k-ottime-condizioni|https://www.vinted.it/items/7720184498-jeans-cycle-y2k-style-cargo-workwear-tg-29-baggy|https://www.vinted.it/items/7737806223-adesivo-originale-ben-davis|https://www.vinted.it/items/8436981430-camicia-timberland-80-cotone-20-lana-tg-s-y2k|https://www.vinted.it/items/8436986751-pantaloncini-levis-tg-33-buone-condizioni|https://www.vinted.it/items/8538672236-felpa-le-coq-sportif-tg-l-buone-condizioni|https://www.vinted.it/items/8588319271-cavo-audio-video-3rca|https://www.vinted.it/items/8786310886-jeans-obey-propaganda-skinny-tg-30-come-nuovo|https://www.vinted.it/items/8802156324-jeans-levis-silvertab-baggy-tg-28-mai-usato|https://www.vinted.it/items/8823536381-felpa-obey-60-cotone-tg-m-mai-usata-baggy-fit|https://www.vinted.it/items/8823688177-camicia-hm-tg-l-ottime-condizioni-100cotone|https://www.vinted.it/items/8836126753-guinzaglio-flexi-xs-3m|https://www.vinted.it/items/8856528663-short-nike-tg-s-grigio-cotone|https://www.vinted.it/items/8856623093-parka-carhartt-smith-coat-come-nuovo-militare|https://www.vinted.it/items/8856639068-jeans-carhartt-newel-pant-tg-28-come-nuovo-y2k|https://www.vinted.it/items/8856652415-jeans-carhartt-donna-double-knee-sonora-pant-tg-27-come-nuovo|https://www.vinted.it/items/8856695855-polo-ralph-lauren-tg-l-oversize-come-nuova|https://www.vinted.it/items/8916551662-edwin-donna-ottime-condizioni-tg-27|https://www.vinted.it/items/8916578663-jeans-carhartt-double-knee-pant-tg-29x32-mimetico-ottime-condizioni|https://www.vinted.it/items/8916587852-jeans-carhartt-aaron-pant-tg-33-ottime-condizioni-baggy
https://www.vinted.it/items/8918096822-reebok-heritance-sneakers-maat-46-eur,8918096822,20260515_13-35,Reebok heritance sneakers maat 46 eur,30.0,Reebok,Scarpe da ginnastica,46,Nuovo con cartellino,"Bianco, Blu",,Nieuwe sneakers met prijskaartje,,12 min fa,2.89,1,False,True,False,w.oosterveld,"Haren Gn, Paesi Bassi",,4.7,23,['Spedizione rapida'],False,
https://www.vinted.it/items/8793752854-reebok-club-c-85-vintage,8793752854,20260515_13-35,Reebok club c 85 vintage,45.0,Reebok,Scarpe da ginnastica,38,Nuovo senza cartellino,"Panna, Cachi",Pelle,"Portés 1 fois, comme neuves",7.0,una settimana fa,3.23,1,True,True,False,saraabp,"Arras, Francia",,4.9,132,[],False,https://www.vinted.it/items/241930663-bague-en-argent-pierre-verte|https://www.vinted.it/items/3311759168-mules-similicuir|https://www.vinted.it/items/3371543403-jupe-calvin-klein|https://www.vinted.it/items/4459470079-jean-taille-haute-burton|https://www.vinted.it/items/4459482730-pantalon-lin-jambes-larges|https://www.vinted.it/items/5184234349-pantalons-flare-mango|https://www.vinted.it/items/521971873-robe-vintage|https://www.vinted.it/items/5427856826-derbies-italiens|https://www.vinted.it/items/6233265632-sandales-plates
https://www.vinted.it/items/8412559304-baskets-reebok,8412559304,20260515_13-35,Baskets reebok,20.0,Reebok,Scarpe da ginnastica,37,Nuovo senza cartellino,"Rosa, Nero",,Baskets reebok 37 (EUR) #reebok,2.0,8 settimane fa,3.23,1,True,True,False,monmagc,"Sucy-en-Brie, Francia",,4.9,86,['Annunci frequenti'],False,https://www.vinted.it/items/8821461583-etui-a-crayons-vintage|https://www.vinted.it/items/8834149627-labubu-fifa-2026|https://www.vinted.it/items/8834510406-chaussures-derby-noir-et-blanc|https://www.vinted.it/items/8841014696-sac-canvas-labubu-louvre-exclusive-paris|https://www.vinted.it/items/8841348337-trousse-storage-bag-labubu-louvre-exclusive-paris|https://www.vinted.it/items/8841557822-pochette-sandwich-labubu-wacky-mart|https://www.vinted.it/items/8841802693-couronne-princess-disney-blanche-neige|https://www.vinted.it/items/8841842748-diademe-oreilles-chat|https://www.vinted.it/items/8867698104-skull-panda-wednesday|https://www.vinted.it/items/8868281769-labubu-the-naughty-cashier|https://www.vinted.it/items/8885125548-nyota-hopscotch|https://www.vinted.it/items/8904423243-set-portefeuille-et-porte-cartes-pied-de-poule|https://www.vinted.it/items/8904533452-fuggler-fart-face-fuggler-peteur|https://www.vinted.it/items/8905240145-action-porte-clef-my-melody-et-hello-kitty|https://www.vinted.it/items/8912617006-baskets-la-gear-style-vintage|https://www.vinted.it/items/8917410718-djellaba-femme-xl-xxl|https://www.vinted.it/items/8917521864-robe-dete|https://www.vinted.it/items/8917551984-djellaba-vert-et-dore|https://www.vinted.it/items/8917586375-robe-t-shirt-mi-long-1-xl|https://www.vinted.it/items/8918214236-labubu-fall-in-wild
https://www.vinted.it/items/8917903140-sneakers-puma-reebok-37,8917903140,20260515_13-36,Sneakers puma reebok 37,40.0,Reebok,Scarpe da ginnastica,37,Ottime,Beige,,"23,5 cm",,35 min fa,2.39,1,False,True,False,lana1096,"Sant Andreu De Llavaneres, Spagna",,4.5,27,['Annunci frequenti'],False,https://www.vinted.it/items/5965814285-camiseta-zara|https://www.vinted.it/items/5973056818-vestido-mini|https://www.vinted.it/items/5973080649-vestido-western-midi|https://www.vinted.it/items/5991752610-camiseta-rave|https://www.vinted.it/items/5991775576-trench-coat-gabardina|https://www.vinted.it/items/6623054598-vestido-lefties|https://www.vinted.it/items/6835299615-adidas-x-yohji-yamamoto|https://www.vinted.it/items/6870355588-camisa-versace|https://www.vinted.it/items/7085017655-blusa-cuadros-rojo|https://www.vinted.it/items/7425483809-zapatos-de-tacon|https://www.vinted.it/items/7966613548-botas-de-snowboard-thirtytwo|https://www.vinted.it/items/7966676516-snowboard-libtech-trice-pro-161|https://www.vinted.it/items/7978547350-protecciones-de-muneca-dainese-hector-wristguard-13|https://www.vinted.it/items/8007377782-abrigo-zara-xs|https://www.vinted.it/items/8720357301-brownie-chaqueta|https://www.vinted.it/items/8726408506-nike-air-rift|https://www.vinted.it/items/8726455232-vestido-zara|https://www.vinted.it/items/8726623380-vestido-mango|https://www.vinted.it/items/8727801739-chaqueta-love-republic|https://www.vinted.it/items/8893543649-vestido-mini
https://www.vinted.it/items/8717039517-reebok-zapatillas-club-c-revenge-blanco-talla-35-vintage,8717039517,20260515_13-36,Reebok Zapatillas Club C Revenge Blanco Talla 35 Vintage,45.0,Reebok,Scarpe da ginnastica,35,Nuovo con cartellino,"Bianco, Blu",Pelle,"Zapatillas Reebok originales. Modelo Club C Revenge, un icono del estilo tenis retro con detalles en azul y turquesa.

Marca: Reebok
Estado: Nuevo con etiquetas (incluye caja original)
Talla: 35 EU
Color: Blanco con detalles azul y turquesa
Material: Piel / Cuero

Calzado de gran calidad, muy cómodo y versátil para el día a día. Totalmente nuevas, nunca estrenadas, conservan todos sus plásticos y etiquetas.

Envío muy rápido (24h). Hago descuentos por lotes.
... altro",1.0,2 giorni fa,1.95,1,True,True,False,larrycb,"Madrid, Spagna",,4.9,31,['Annunci frequenti'],False,https://www.vinted.it/items/8664199070-jordan-camiseta-verde-m-ninos-xs-mujer-maison-champions|https://www.vinted.it/items/8715311163-nike-camiseta-original-cuello-pico-verde-azulado-talla-m-sport|https://www.vinted.it/items/8715552781-dickies-pantalon-original-874-negro-w26-38-es|https://www.vinted.it/items/8715723662-the-north-face-camiseta-varsity-teal-talla-s-mujer-sport|https://www.vinted.it/items/8715755900-camiseta-levis-rosa-claro-mujer-logo-xxs-original|https://www.vinted.it/items/8715936950-cortefiel-jersey-cuello-pico-granate-l-sport|https://www.vinted.it/items/8716032819-puma-camiseta-essentials-logo-negro-talla-s-sport|https://www.vinted.it/items/8716255856-cortefiel-jersey-cuello-pico-azul-xxl-hombre|https://www.vinted.it/items/8716348115-cortefiel-jersey-polo-negro-talla-hombre-xxl|https://www.vinted.it/items/8716480504-sudadera-jordan-granate-talla-s-mujer-nino-12-13-anos|https://www.vinted.it/items/8716593198-abercrombie-fitch-pantalon-corto-lino-flores-talla-s-boho|https://www.vinted.it/items/8716754870-zara-sudadera-capucha-blanco-talla-m-estilo-sport-basic|https://www.vinted.it/items/8716870021-columbia-top-pfg-azul-marino-xl-nina-mujer-xs-s-nuevo|https://www.vinted.it/items/8716949042-under-armour-top-tirantes-xs-fitted-canale-taupe-verde|https://www.vinted.it/items/8716957831-benefit-benetint-tinte-labios-y-mejillas-rojo-original-6ml|https://www.vinted.it/items/8895842856-bershka-pantalon-flare-rosa-talla-34-estilo-retro-high-waist|https://www.vinted.it/items/8895924103-hollister-pantalon-chino-jogger-blanco-talla-31x32-slim-sport|https://www.vinted.it/items/8895954193-bershka-camiseta-crop-top-blancoverde-talla-l-estilo-sporty|https://www.vinted.it/items/8895976924-bershka-top-halter-cuello-alto-blanco-talla-l-estilo-rib|https://www.vinted.it/items/8896017113-bershka-top-olivia-rodrigo-negro-talla-m-edicion-especial
https://www.vinted.it/items/8828976914-reebok-blu,8828976914,20260515_13-36,Reebok blu,40.0,Reebok,Scarpe da ginnastica,39,Nuovo con cartellino,Blu,,Nuove,15.0,una settimana fa,2.99,1,False,True,False,chri-09,"Afragola, Italia",,3.8,96,['Annunci frequenti'],False,https://www.vinted.it/items/7475924521-fila-perano-nuove-donna|https://www.vinted.it/items/7493687201-vans-old-skool-nuove|https://www.vinted.it/items/7536316852-reebok-art-chill-nuove-uomo|https://www.vinted.it/items/7536329016-reebok-cour-retro-junior|https://www.vinted.it/items/7657347784-vans-knu-skool-varsity-white|https://www.vinted.it/items/7892596895-guess-fragances-seductive-miniature-4-x-75-ml|https://www.vinted.it/items/7960013785-vans-knu-skool-esclusive-nere-e-blu-nuove|https://www.vinted.it/items/8134774934-vans-hylane-blunere-nuove|https://www.vinted.it/items/8141614237-vans-chuck-tailor-all-star-lift-nuove|https://www.vinted.it/items/8220403507-vans-speed-nere-nuove|https://www.vinted.it/items/8230187626-vans-knu-skool-grigie-e-nere-nuove|https://www.vinted.it/items/8230197004-vans-knu-skool-bourdeaux-scacchi-nuove|https://www.vinted.it/items/8258881608-vans-knu-skool-beige-nuove|https://www.vinted.it/items/8293313397-puma-smash-30-unisex-nuove|https://www.vinted.it/items/8698804569-reebok-club-c-donna-nuove|https://www.vinted.it/items/8754779853-macchina-da-caffe-didiesse-frog-usata|https://www.vinted.it/items/8817237671-hp-903-ciano-originale-nuova-sigillata|https://www.vinted.it/items/8828981046-bruschette-nuove|https://www.vinted.it/items/8828986463-palloncini|https://www.vinted.it/items/8878551648-jeans-regular-bull-and-bear-uomo
https://www.vinted.it/items/8874307087-asics-gel-1090,8874307087,20260515_13-36,Asics gel 1090,35.0,Asics,Scarpe da ginnastica,"40,5",Buone,"Giallo, Bianco",,"Gedragen sneakers
 
#asics #newbalance #nike #adidas #reebok #puma #airmax #jordan #sb #dunk",52.0,4 giorni fa,2.89,1,False,True,False,deman111,"Weert, Paesi Bassi",,4.9,30,['Annunci frequenti'],False,https://www.vinted.it/items/8874328340-nike-air-pegasus|https://www.vinted.it/items/8874351407-vans-skate-hi|https://www.vinted.it/items/8874375607-converse-all-star-low-platform|https://www.vinted.it/items/8874397365-nike-air-pegasus-wave|https://www.vinted.it/items/8874420672-adidas-adizero-prime-x|https://www.vinted.it/items/8874441724-nike-pegasus-trail-5|https://www.vinted.it/items/8874472673-nike-invisible-run-3|https://www.vinted.it/items/8876971520-adidas-terrex-agravic-speed|https://www.vinted.it/items/8877044138-mizuno-mxr-sport|https://www.vinted.it/items/8877136350-nike-air-pegasus-wave|https://www.vinted.it/items/8877182088-nike-air-pegasus-wave|https://www.vinted.it/items/8877471780-nike-jordan-1-low-elevate-rookie-of-the-year|https://www.vinted.it/items/8877950340-adidas-samba|https://www.vinted.it/items/8877979093-nike-dunk-low-year-of-the-snake|https://www.vinted.it/items/8878038442-adidas-campus|https://www.vinted.it/items/8878106203-asics-gel-1130|https://www.vinted.it/items/8878233167-adidas-terrex|https://www.vinted.it/items/8878259882-asics-gel-cumulus-27-junior|https://www.vinted.it/items/8878412311-nike-air-zoom-terra-kiger-8-trail|https://www.vinted.it/items/8878455785-jordan-4-seafoam-sail
https://www.vinted.it/items/8850159143-reebok-classic-weiss,8850159143,20260515_13-36,Reebok Classic Weiß,20.0,Reebok,Scarpe da ginnastica,41,Ottime,Bianco,,"Verkaufe weiße gut erhaltene Reebok Classic in der Größe 41.

Die Schuhe sind noch im super Zustand, lediglich normale Tragespuren, siehe Bilder. 

Selbst hier gekauft, passen mir jedoch nicht mit orthopädischen Einlagen

#reebok#classic#sneaker#white
... altro",30.0,una settimana fa,2.95,1,True,True,False,mumpfi15,"Viersen, Germania",,5.0,85,['Annunci frequenti'],False,https://www.vinted.it/items/8653438024-korallfarbenes-top-hm|https://www.vinted.it/items/8653456368-khaki-umhangetasche-primark|https://www.vinted.it/items/8653497808-rosa-v-ausschnitt-pullover|https://www.vinted.it/items/8653515240-hellblauer-v-ausschnitt-pullover-orsay|https://www.vinted.it/items/8653530448-graues-t-shirt|https://www.vinted.it/items/8653545715-grauer-jumpsuit-hm|https://www.vinted.it/items/8653559296-turtleneck-pullover-orsay|https://www.vinted.it/items/8653583624-blaue-jeans-urban-bliss|https://www.vinted.it/items/8653598543-hellblaue-jeans-shein|https://www.vinted.it/items/8653636202-adidas-hoops-mid-pink|https://www.vinted.it/items/8653654019-rosa-heels-catwalk|https://www.vinted.it/items/8653673197-dunkelblauer-pullover-tommy-hilfiger|https://www.vinted.it/items/8653688006-dunkelblaue-jeans-shein|https://www.vinted.it/items/8653748291-weisses-schosschentop-kocok|https://www.vinted.it/items/8653760645-hellblaues-top-hm|https://www.vinted.it/items/8653770204-lila-sport-top-hm|https://www.vinted.it/items/8653793722-pinkes-pullover-hm|https://www.vinted.it/items/8704423925-graues-t-shirt-takko|https://www.vinted.it/items/8833943903-schwarzes-hm-langarmshirt|https://www.vinted.it/items/8833972632-top-jacke-shein
https://www.vinted.it/items/8738313253-scarpe-donna,8738313253,20260515_13-37,Scarpe donna,26.0,Reebok Classic,Scarpe da ginnastica,38.5,Ottime,"Azzurro, Bianco",,Mai utilizzati..originali,43.0,2 settimane fa,2.99,1,True,True,False,diangelix,,,4.8,621,['Annunci frequenti'],False,https://www.vinted.it/items/8547587447-scarpe-uomo-batefoot|https://www.vinted.it/items/8855875271-scarpe-estivi|https://www.vinted.it/items/8855888248-scarpe-blu|https://www.vinted.it/items/8855937648-scarpe-donna|https://www.vinted.it/items/8855972966-scarpe-ragazzo-nuovi|https://www.vinted.it/items/8856449144-sandali-bambina-vans|https://www.vinted.it/items/8856505360-sandali-bambina|https://www.vinted.it/items/8867766694-superba-platform-in-vera-pelle|https://www.vinted.it/items/8885697527-scarpe-donna|https://www.vinted.it/items/8885976994-scarpe-barefoot-donna|https://www.vinted.it/items/8886226679-scarpe-barefoot|https://www.vinted.it/items/8886382647-scarpe-barefoot-uomo|https://www.vinted.it/items/8916089640-scarpe-uomo|https://www.vinted.it/items/8916105190-scarpe-uomo|https://www.vinted.it/items/8916131803-scarpe-uomo|https://www.vinted.it/items/8916154766-superga-in-tela
https://www.vinted.it/items/8495551623-reebok-club-c-ltd-44-novas-c-caixa-e-etiqueta,8495551623,20260515_13-37,Reebok Club C LTD 44 NOVAS c/ caixa e etiqueta 🔥,89.0,Reebok,Scarpe da ginnastica,44,Nuovo con cartellino,"Bianco, Panna",,"Novas nunca usadas.
Com caixa e etiquetas.
Tamanho 44
Envio imediato 🚀
Modelo LTD mais raro.
Difícil de encontrar neste estado.
... altro",37.0,7 settimane fa,2.59,1,True,True,False,tcgss,,,5.0,19,[],False,https://www.vinted.it/items/4277102077-botas-hugo-boss-castanhas|https://www.vinted.it/items/4491710683-sapatilhas-pretas-g-star-raw|https://www.vinted.it/items/5055843568-casaco-inverno-esprit|https://www.vinted.it/items/5136051442-calcoes-brancos-scalpers|https://www.vinted.it/items/5136068485-polo-scalpers-cinzaazulado|https://www.vinted.it/items/5950729734-calcoes-novos-com-etiqueta-once-upon-a-time|https://www.vinted.it/items/7887043873-botas-camper|https://www.vinted.it/items/7887133791-sapatos-hogan|https://www.vinted.it/items/8533778256-armani-exchange-swim-shorts-xl-brancoazul-verao-luxo
https://www.vinted.it/items/8856389499-reebok-legacy-83-prezzo-non-trattabile-nuovo-originale-nr-38-da-donna,8856389499,20260515_13-37,Reebok legacy 83 prezzo non trattabile nuovo originale nr 38 da donna,45.0,Reebok,Scarpe da ginnastica,38,Nuovo con cartellino,Multi,,"Acquistato a 110 euro da negozio... 
Svendo a 60 euro 
Nuovo originale estivo nr 38 cm vista foto 
Da donna 
No reso
... altro",22.0,6 giorni fa,3.29,1,True,True,False,piashopvintage,,,5.0,1,['Annunci frequenti'],False,https://www.vinted.it/items/8854819364-chantelle-costume-da-bagno-pezzo-sopra-nuovo-da-donna|https://www.vinted.it/items/8855243909-giacca-leggera-nuova-da-donna|https://www.vinted.it/items/8855903487-havaianas-nuovo-nr-36-da-donna-prezzo-non-trattabile|https://www.vinted.it/items/8855974170-zara-abito-nuovo-taglia-s-da-donna|https://www.vinted.it/items/8855982867-bellissimo-top-made-in-italy-taglia-m-da-donna|https://www.vinted.it/items/8856151244-il-granchio-cardigan-lana-taglia-xl-donna|https://www.vinted.it/items/8856271155-shein-blusa-nuova-taglia-l-donna|https://www.vinted.it/items/8856280159-tuta-hm-nuova-taglia-s-da-donna|https://www.vinted.it/items/8858541926-pullbear-abito-nuovo-taglia-m-da-donna|https://www.vinted.it/items/8858985570-kappa-costume-da-bagno-nuovo-taglia-l-pero-veste-taglia-m-donna|https://www.vinted.it/items/8859209160-reebok-tshirts-running-da-uomo-taglia-m|https://www.vinted.it/items/8859272301-puma-t-shirts-da-squadra-taglia-l-da-uomo|https://www.vinted.it/items/8859761998-clayton-maglione-leggero-taglia-l-da-uomo|https://www.vinted.it/items/8862845377-tezenis-pigiama-in-pile-nuova-taglia-l-donna|https://www.vinted.it/items/8862877017-chantelle-costume-da-bagno-pezzo-sopra-nuovo-da-donna|https://www.vinted.it/items/8863815235-robe-di-kappa-felpa-nuova-da-donna-taglia-m|https://www.vinted.it/items/8865548945-hm-abito-nuovo-taglia-xl-da-donna|https://www.vinted.it/items/8866844091-bellissima-borsetta-vintage-estivo-a-spalla|https://www.vinted.it/items/8867277671-hm-bellissimo-abito-da-donna-taglia-l-nuovo|https://www.vinted.it/items/8867291527-bellissimo-cappotto-da-donna-taglia-m
https://www.vinted.it/items/8814664000-reebok-sneaker-court-clean,8814664000,20260515_13-37,Reebok sneaker court clean,35.0,Reebok,Scarpe da ginnastica,38,Nuovo con cartellino,Bianco,,"Maat 38
Nieuw met kaartjes en doos",11.0,una settimana fa,3.15,1,False,True,False,drakootje,"Eindhoven, Paesi Bassi",,5.0,84,['Spedizione rapida'],False,https://www.vinted.it/items/7914180130-rode-rib-top|https://www.vinted.it/items/7914282378-gele-tuniek-met-print|https://www.vinted.it/items/7914304938-oversized-top-met-franjes|https://www.vinted.it/items/8120260016-leuk-jurkje-met-34-mouw|https://www.vinted.it/items/8200858029-shampoo|https://www.vinted.it/items/8200861324-bad-bruisballen|https://www.vinted.it/items/8337393155-memoryfoam-tips-voor-airpods|https://www.vinted.it/items/8455485571-lichtblauwe-blouse-met-print|https://www.vinted.it/items/8470681523-fake-fur-coat|https://www.vinted.it/items/8503486927-mintgroen-linnen-blouse-heren|https://www.vinted.it/items/8503506247-zwembroek-replay|https://www.vinted.it/items/8503586673-gstar-blouse|https://www.vinted.it/items/8503612933-grijze-trui-los-gebreid|https://www.vinted.it/items/8512506308-levis-spijkerbroek|https://www.vinted.it/items/8512544766-gstar-blouse|https://www.vinted.it/items/8512604852-donkerblauwe-longsleeve|https://www.vinted.it/items/8529309578-blauw-groen-geruite-blouse|https://www.vinted.it/items/8534902409-colbert-panterprint|https://www.vinted.it/items/8537351359-zwart-witte-colbert|https://www.vinted.it/items/8685251717-leuk-gebloemd-blousje
https://www.vinted.it/items/8918194474-reebok-art-chill-maat-26,8918194474,20260515_13-38,Reebok Atr Chill maat 26,30.0,Reebok,Scarpe da ginnastica senza lacci,26,Nuovo con cartellino,Bianco,,"Nieuwe sneakertjes, maat 26
In de kast beland & inmiddels te klein!",,5 min fa,2.89,1,False,True,False,amy-m,,,4.9,351,[],False,https://www.vinted.it/items/8794357376-grote-set-sensorisch-speelgoed-bak|https://www.vinted.it/items/8848953494-scarpe-nike-running|https://www.vinted.it/items/8853763490-baskets-enfant-nike-cosmic-runner-pointure-26-neuves|https://www.vinted.it/items/8862780235-fila-kinderschoenen-26|https://www.vinted.it/items/8869530796-new-balance-unisex|https://www.vinted.it/items/8879979679-basket|https://www.vinted.it/items/8890390596-sapatilhas-nike-court-legacy|https://www.vinted.it/items/8897849263-tenis-adidas-originals-stan-smith|https://www.vinted.it/items/8901605475-basket-puma|https://www.vinted.it/items/8902204980-superstar-blancas-talla-26|https://www.vinted.it/items/8902260523-adidas-campus|https://www.vinted.it/items/8902896617-baskets-adidas-campus-liberty-pointure-26|https://www.vinted.it/items/8904610297-tenis-adidas-originals-superstar|https://www.vinted.it/items/8905935119-gymschoenen-wit-klittenband-maat-26|https://www.vinted.it/items/8916413017-scarpe-bimba-nike|https://www.vinted.it/items/8916643022-a-vendre|https://www.vinted.it/items/8916734294-new-balance-9060-bimbi|https://www.vinted.it/items/8916943327-new-balance-530|https://www.vinted.it/items/8917012569-2-basket-enfant-fille-nike|https://www.vinted.it/items/8917287622-witte-adidas-kinder-sneakers-maat-26|https://www.vinted.it/items/8917308685-scarpe-bambina|https://www.vinted.it/items/8917416565-scarpe-new-balance-530-taglia-26|https://www.vinted.it/items/8917867555-chaussures|https://www.vinted.it/items/8917935449-basket-adidas|https://www.vinted.it/items/8918045181-adidas-hello-kitty-fille-pointure-26
https://www.vinted.it/items/8866589887-reebok-sneaker-ex-o-fit,8866589887,20260515_13-38,Reebok Sneaker Ex-O-Fit,20.0,Reebok,Scarpe da ginnastica,38.5,Ottime,Bianco,,"Die Sneaker sind im Stil der 80er Jahre Reebok Ex-O-Fit entworfen wurden. (Auch in den Bildern zu finden)

Schuhe befinden sich in einem super Zustand. Habe sie nur 3 mal getragen - seht ihr auch an der Sohle. (Siehe Bilder)

Die Schuhe fallen passgenau, wie eine 38,5 aus. 
Verkaufe sie weil sie bei mir einfach nicht getragen werden.
... altro",62.0,5 giorni fa,3.29,1,True,True,False,perle229,"Friedberg (Hessen), Germania",,5.0,60,['Annunci frequenti'],False,
https://www.vinted.it/items/8891399609-scarpe-reebok-da-uomo,8891399609,20260515_13-38,Scarpe Reebok da uomo.,12.0,Reebok,Scarpe da ginnastica,45,Buone,Bianco,,"Vendo Reebok da uomo taglia 45. Le condizioni sono molto buone in quanto sono state indossate molto poco. Sono presenti ovviamente delle pieghette sulla parte anteriore della scarpa ma per il resto le condizioni sono veramente buone.
... altro",11.0,3 giorni fa,2.29,1,True,True,False,antoniopass1901,"Caramanico Terme, Italia",,4.2,16,['Spedizione rapida'],False,
https://www.vinted.it/items/8788566307-scarpe-bambino-32-reebok,8788566307,20260515_13-38,Scarpe Bambino 32 - Reebok,10.0,Reebok,Scarpe da ginnastica,Altro,Ottime,Bianco,Pelle,"Scarpe bambino 32, usate 
Reebok
Con un piccolo graffio nascosta (vedere 5ª foto)",8.0,2 settimane fa,2.29,1,False,True,False,giovanni9439,"Mugnano Di Napoli, Italia",,5.0,12,['Annunci frequenti'],False,https://www.vinted.it/items/8777123142-statuette-avengers-hulk|https://www.vinted.it/items/8777422376-bus-di-night-ninja-pj-masks|https://www.vinted.it/items/8777484555-donnie-trasforming-super-wings|https://www.vinted.it/items/8777565951-salopette-neonato-1-3-mesi-completino|https://www.vinted.it/items/8777639709-pantaloncino-neonato-3-6-mesi-overkids|https://www.vinted.it/items/8777673963-magliettina-neonato-3-mesi-chicco|https://www.vinted.it/items/8778925796-romeo-pj-masks|https://www.vinted.it/items/8778943853-luna-girl-pj-masks|https://www.vinted.it/items/8786274627-collanina-bigiotteria|https://www.vinted.it/items/8788137362-scarpe-taglia-34-adidas|https://www.vinted.it/items/8792503981-cuscini-morbidi-emoji|https://www.vinted.it/items/8796522528-scarpe-bambino-34-vans|https://www.vinted.it/items/8803809996-santos-marrone-42-micis|https://www.vinted.it/items/8803835462-scarpe-uomo-415-kappa|https://www.vinted.it/items/8827376345-pantaloncino-jeans-candida|https://www.vinted.it/items/8833568506-pantaloncino-ragazza-terranova|https://www.vinted.it/items/8833636234-pantaloncino-ragazza-terranova|https://www.vinted.it/items/8833652361-pantaloncino-ragazza-nero-terranova|https://www.vinted.it/items/8867547213-tuta-uomo-leggermente-felpata-kappa|https://www.vinted.it/items/8886176591-maglietta-verde-8-9-anni-zuelements
https://www.vinted.it/items/8881516814-chaussures,8881516814,20260515_13-38,Chaussures,23.0,Reebok,Scarpe da ginnastica con chiusura a strappo,33,Nuovo con cartellino,"Bianco, Blu",,"Reebok
Taille 33 (21,5cm)
Neuf",23.0,4 giorni fa,2.83,1,True,True,False,goiwonaa,"Villejuif, Francia",,5.0,62,['Annunci frequenti'],False,https://www.vinted.it/items/8553606732-doudoune-guess|https://www.vinted.it/items/8603309074-soutiens-gorge|https://www.vinted.it/items/8715117159-reebok|https://www.vinted.it/items/8833641730-basket-stich|https://www.vinted.it/items/8851445212-chaussures-puma|https://www.vinted.it/items/8881370808-chaussures-reebok|https://www.vinted.it/items/8881384209-basket-puma|https://www.vinted.it/items/8901547641-basket-adidas
https://www.vinted.it/items/8903256340-reebok-club-c85-vintage,8903256340,20260515_13-39,Reebok club c85 vintage,75.0,Reebok,Scarpe da ginnastica,41,Nuovo senza cartellino,Bianco,,Scarpe nuove con scatola …vendo per errato numero…,10.0,un giorno fa,3.29,1,True,True,False,leoale1980,"Genova, Italia",,4.9,7,['Spedizione rapida'],False,https://www.vinted.it/items/5294505362-new-balance-43|https://www.vinted.it/items/8916396163-nike-air-tn-tuned-1-bleu-marine-blanc-taille-41|https://www.vinted.it/items/8916650306-salomon-xt-x-maison-margiela-mm6-vanilla-ice|https://www.vinted.it/items/8916699395-nike-tn|https://www.vinted.it/items/8916781959-basket-lacoste|https://www.vinted.it/items/8916807806-air-jordan-1-mid|https://www.vinted.it/items/8916843346-airmax-original-neuf-taille-41-et-bon-prix|https://www.vinted.it/items/8916863910-nieuwe-veja-heren-sneakers|https://www.vinted.it/items/8916869225-nike-air-cross-trainer-3|https://www.vinted.it/items/8916883707-basket-lacoste|https://www.vinted.it/items/8917063022-reebok-classic-leather-blancas-suela-caramelo-talla-41|https://www.vinted.it/items/8917065080-air-max-nike|https://www.vinted.it/items/8917107262-baskets-lacoste|https://www.vinted.it/items/8917139119-chaussure-grise-et-blanche|https://www.vinted.it/items/8917159818-basket|https://www.vinted.it/items/8917165796-ledersneaker-von-nike-grosse-41|https://www.vinted.it/items/8917343314-scarpe-nike-con-applicazioni-colorate|https://www.vinted.it/items/8917393623-vans-sk8-hi|https://www.vinted.it/items/8917667913-zapatillas-veja-numero-41|https://www.vinted.it/items/8917710101-nike-nocta-hot-step-2|https://www.vinted.it/items/8917795571-adidas-tyshawn-schuhe-neu|https://www.vinted.it/items/8917826504-nike-blazer-mid-77|https://www.vinted.it/items/8917961288-puma-mb01-blanche|https://www.vinted.it/items/8918117187-nike-air-max-plus-tn-white-red-eur-41|https://www.vinted.it/items/8918140327-basket-air-jordan-4-retro-nike
https://www.vinted.it/items/8872527204-deportivas-reebok-mujer-nuevas,8872527204,20260515_13-39,Deportivas Reebok mujer nuevas,37.0,Reebok,Scarpe da ginnastica,38.5,Nuovo con cartellino,Bianco,Finta pelliccia,Deportivas mujer Reebok. Nuevas sin estrenar. T38.,9.0,5 giorni fa,2.39,1,True,True,False,esterluna7501,,,4.9,38,['Annunci frequenti'],False,https://www.vinted.it/items/8069447966-libro-de-texto-1-de-bachillerato-fisica-y-quimica|https://www.vinted.it/items/8517776156-blusa-desigual-tipo-poncho-multicolor-manga-corta|https://www.vinted.it/items/8526252202-camiseta-inside-mujer-t-m|https://www.vinted.it/items/8526308470-camiseta-mujer-morgan-txl|https://www.vinted.it/items/8650386956-chaqueton-hombre-tg-sin-mangas-reversible-buen-estado|https://www.vinted.it/items/8650851691-chaqueta-anorak-senora-sin-mangas-t-xxl|https://www.vinted.it/items/8650952319-blusa-senora-antonio-pozuelo-para-evento-perfecto-estado|https://www.vinted.it/items/8651017473-juego-party-co-cartoon-network-perfecto-estado|https://www.vinted.it/items/8651224619-falda-senora-con-algo-de-vuelo-t42|https://www.vinted.it/items/8651285308-jersey-senora-manga-larga-marron-chocolate|https://www.vinted.it/items/8651370740-cardigan-senora-yera-t-46-marron-chocolate|https://www.vinted.it/items/8653885972-cardigan-senora-t46-tonos-marrones|https://www.vinted.it/items/8654111621-vestido-verano-senora-muy-fresquito-t-42|https://www.vinted.it/items/8654777144-camisa-mujer-color-azul-marino-t-l|https://www.vinted.it/items/8751762205-lote-5-camisetas-mujer-t-m-casi-nuevas|https://www.vinted.it/items/8752048654-dos-camisetas-mujer-inside-y-shein-poco-uso|https://www.vinted.it/items/8752167153-camiseta-asimetrica-t-l-pero-ajustable|https://www.vinted.it/items/8872653354-pantalon-vaquero-hombre-easy-wear-slim|https://www.vinted.it/items/8872691500-vaquero-corto-hombre-t44|https://www.vinted.it/items/8894661772-vestido-para-evento-con-chaquetilla-a-juego
https://www.vinted.it/items/5193945152-scarpe-rassodanti,5193945152,20260515_13-39,Scarpe rassodanti,3.0,Reebok,Scarpe da ginnastica,38,Ottime,Nero,,"Usate poche volte, funzione rassodante per cosce e glutei",5.0,18 mesi fa,1.69,1,False,True,False,mariapalu1960,"San Bartolomeo in Galdo, Italia",,4.8,82,['Annunci frequenti'],False,https://www.vinted.it/items/8688911168-blusa-casual|https://www.vinted.it/items/8718521979-abito-importante|https://www.vinted.it/items/8729796870-abito-mezza-stagione|https://www.vinted.it/items/8729813279-jeans-elasticizzati-denim|https://www.vinted.it/items/8729819633-jeans-super-high-waist|https://www.vinted.it/items/8729833084-jeans-gaudi|https://www.vinted.it/items/8729945132-elegante-minigonna|https://www.vinted.it/items/8734012128-completo-vintage|https://www.vinted.it/items/8734021802-top-da-sera|https://www.vinted.it/items/8735081124-sciarpa-pinko|https://www.vinted.it/items/8795178573-camicia-copricostume-mille-usi|https://www.vinted.it/items/8795192885-abitino-fashion|https://www.vinted.it/items/8795225984-abito-mare-e-citta|https://www.vinted.it/items/8795248553-tutina-pantalone|https://www.vinted.it/items/8795470245-t-shirt|https://www.vinted.it/items/8860569447-t-shirt-versace|https://www.vinted.it/items/8860710798-sottogiacca-rocco-barocco|https://www.vinted.it/items/8863847910-antica-damigiana|https://www.vinted.it/items/8864421489-damigiana|https://www.vinted.it/items/8871336462-t-shirt-woolrich
https://www.vinted.it/items/8729479415-baskets-reebok-flexagon-force-4-blanc-jaune-fluo-pointure-43,8729479415,20260515_13-40,Baskets Reebok Flexagon Force 4 Blanc Jaune Fluo - Pointure 43,25.0,Reebok,Scarpe da ginnastica,43,Ottime,"Bianco, Giallo",,"Marque : Reebok 
Pointure : 43
État : Très bon état 
Envoi en 24h/48h 😁
Rangement 8B

J’accepte les retours, sous réserve que l’article soit restitué dans le même état.
... altro",12.0,2 settimane fa,2.88,1,True,True,False,Souvenirsdhier,"Ribécourt-la-Tour, Francia",,5.0,553,['Pro'],True,https://www.vinted.it/items/8759678921-sandales-tendance-argentees-talon-transparent-pointure-38|https://www.vinted.it/items/8759804855-sandales-talon-bloc-bois-marrontresse-pointure-40|https://www.vinted.it/items/8759900103-sandales-talon-aiguille-multicolore-noir-menthe-dore-pointure-41|https://www.vinted.it/items/8763394712-baskets-reebok-club-c-double-triple-black-pointure-41|https://www.vinted.it/items/8794685009-bottines-lodi-cuir-noir-studs-dores-talon-aiguille-pointure-37|https://www.vinted.it/items/8794882810-baskets-serge-blanco-chamonix-jaune-moutarde-bleu-pointure-41|https://www.vinted.it/items/8795323822-chaussures-premiers-pas-naturino-cuir-camel-velours-marron-lacets-verts-pointure-20|https://www.vinted.it/items/8820062210-baskets-enfant-joma-blanches-et-roses-a-scratchs-pointure-33|https://www.vinted.it/items/8820115818-chaussures-de-foot-nike-noires-predator-turf-crampons-tf-pointure-45|https://www.vinted.it/items/8821293797-mocassins-plats-moa-bordeaux-avec-detail-dore-pointure-40|https://www.vinted.it/items/8821910408-baskets-newfeel-noires-et-blanches-a-scratch-pointure-33|https://www.vinted.it/items/8821957752-ballerines-argentees-twinset-metallisees-pointure-35|https://www.vinted.it/items/8822780376-escarpins-cink-me-bordeaux-a-talons-aiguilles-pointure-37|https://www.vinted.it/items/8823111801-sandales-friboo-enfant-blanches-a-boucles-pointure-30|https://www.vinted.it/items/8823415420-sandales-camper-enfant-bleu-marine-a-brides-pointure-30|https://www.vinted.it/items/8853898676-sandales-guiomar-jaune-moutarde-talon-bloc-brides-fines-pointure-40|https://www.vinted.it/items/8853940721-mules-soda-jaune-citron-matelasse-rivets-dores-talon-bloc-pointure-39|https://www.vinted.it/items/8854013432-mules-soda-beige-creme-matelasse-rivets-dores-talon-bloc-pointure-39|https://www.vinted.it/items/8854107025-mules-soda-marron-matelasse-talon-bloc-pointure-38|https://www.vinted.it/items/8854426052-baskets-nike-air-trainer-1-sp-travis-scott-coriander-pointure-385
https://www.vinted.it/items/8746901848-sneakers,8746901848,20260515_13-40,Sneakers,10.0,Reebok,Scarpe da ginnastica,38,Nuovo senza cartellino,Bianco,,"Esattamente come in foto, indossate una volta.",27.0,2 settimane fa,2.29,1,False,True,False,federicads89,,,5.0,48,[],False,
https://www.vinted.it/items/8881370808-chaussures-reebok,8881370808,20260515_13-40,Chaussures Reebok,29.0,Reebok,Scarpe da ginnastica,35.5,Nuovo con cartellino,Bianco,,"Chaussures Reebok 
Taille 35,5 (22,5cm)
Neuf",34.0,4 giorni fa,2.83,1,True,True,False,goiwonaa,"Villejuif, Francia",,5.0,62,['Annunci frequenti'],False,https://www.vinted.it/items/8553606732-doudoune-guess|https://www.vinted.it/items/8603309074-soutiens-gorge|https://www.vinted.it/items/8715117159-reebok|https://www.vinted.it/items/8833641730-basket-stich|https://www.vinted.it/items/8851445212-chaussures-puma|https://www.vinted.it/items/8881384209-basket-puma|https://www.vinted.it/items/8881516814-chaussures|https://www.vinted.it/items/8901547641-basket-adidas
https://www.vinted.it/items/8800544375-dmx-daytona,8800544375,20260515_13-40,DMX Daytona,30.0,Reebok,Scarpe da ginnastica,43,Ottime,"Nero, Bianco",,"Superbe sneakers reebok année 2000. Système d'amorti DMX: très confortables et légères 
Comme neuves quasi jamais portées 
Running streetwear
... altro",24.0,una settimana fa,2.88,1,True,True,False,oronetwo,,,5.0,505,['Annunci frequenti'],False,https://www.vinted.it/items/6026388535-piercing-4-et-5-mm|https://www.vinted.it/items/6145443350-t-shirt|https://www.vinted.it/items/6145674145-the-walking-dead-orchestra|https://www.vinted.it/items/6145756816-t-shirt-rumble|https://www.vinted.it/items/6192029787-t-shirt-nba|https://www.vinted.it/items/6360813254-whyte-mackay|https://www.vinted.it/items/6741204950-gant-gonflable-emp|https://www.vinted.it/items/6741329489-air-jordan-200-e|https://www.vinted.it/items/7880477651-ultra-boost|https://www.vinted.it/items/7920092432-demande-a-la-poussiere|https://www.vinted.it/items/7954385213-lattaque-des-titans-t12|https://www.vinted.it/items/8150668114-t-shirt-misery-index|https://www.vinted.it/items/8150815799-t-shirt-the-walking-dead-orchestra|https://www.vinted.it/items/8150872569-t-shirt-watcha|https://www.vinted.it/items/8153930924-t-shirt-huracan|https://www.vinted.it/items/8503551836-hoodie-absolva|https://www.vinted.it/items/8503605183-hoodie-blind-guardian|https://www.vinted.it/items/8800076815-dmx-shoes|https://www.vinted.it/items/8800382942-allstar-chaudes|https://www.vinted.it/items/8800462536-question-low-blue-print
https://www.vinted.it/items/8828564762-reebok-classic-negras-385,8828564762,20260515_13-40,"Reebok classic negras 38,5",5.0,Reebok,Scarpe da ginnastica,38.5,Discrete,Nero,Pelle,"Muy usadas pero cómodas.
Tiene signos de uso",4.0,una settimana fa,2.39,1,True,True,False,martuel,,,4.8,34,['Annunci frequenti'],False,https://www.vinted.it/items/8840124986-zapato-de-cordones-camilas-marron-38|https://www.vinted.it/items/8901767092-new-balance-247-noir-taille-385|https://www.vinted.it/items/8912342169-vans-sneaker-of-the-wall|https://www.vinted.it/items/8912572826-vans-knu-school|https://www.vinted.it/items/8912622023-nike-huarache-schwarz-grosse-385|https://www.vinted.it/items/8912984450-adidas-beige-et-noir|https://www.vinted.it/items/8913345093-sneackers-adidas|https://www.vinted.it/items/8913474757-nike-air-max-385|https://www.vinted.it/items/8913539776-dior-sneaker-b23-league-haute|https://www.vinted.it/items/8914242716-air-jordans|https://www.vinted.it/items/8914474872-adidas-nizza|https://www.vinted.it/items/8914521412-adidas-falcon|https://www.vinted.it/items/8915471617-black-converse-all-star|https://www.vinted.it/items/8915558297-adidas-samba|https://www.vinted.it/items/8915853428-campus-noire-adidas-385|https://www.vinted.it/items/8915940992-vans-montantes-noir-385-l6a4|https://www.vinted.it/items/8916179075-zapatillas-vans-plataforma|https://www.vinted.it/items/8916453213-basquets-nike-air-force-1|https://www.vinted.it/items/8916995067-tenis-nike|https://www.vinted.it/items/8917260785-nike-air-force-1|https://www.vinted.it/items/8917275687-basket-nike|https://www.vinted.it/items/8917306166-nike-jordan-1|https://www.vinted.it/items/8917670883-vans-fiamme|https://www.vinted.it/items/8918137026-scarpa-nike|https://www.vinted.it/items/8918225747-baskets-nike-jordan
https://www.vinted.it/items/8812667969-deportivasblancas-y-verde-menta,8812667969,20260515_13-41,Deportivasblancas y verde menta,25.0,Reebok,Scarpe da ginnastica,37,Nuovo con cartellino,"Bianco, Menta",,Muy bonitas talla 37,54.0,una settimana fa,2.39,1,False,True,False,slau00099,"Alcobendas, Spagna",,4.9,268,['Annunci frequenti'],False,https://www.vinted.it/items/8650000170-diademas-ancha-nudo|https://www.vinted.it/items/8650008091-diademas-lazos-ninas|https://www.vinted.it/items/8650014714-pack-tres-diademas|https://www.vinted.it/items/8651873338-gazelle-sala-gris-perlado|https://www.vinted.it/items/8651888855-rush-runner-slip-on|https://www.vinted.it/items/8651900054-diadema-nudo-pata-de-gallo|https://www.vinted.it/items/8708602102-gafas-gris-pepe-jeans|https://www.vinted.it/items/8725931803-camiseta-adidas|https://www.vinted.it/items/8725960987-cinturon-marron|https://www.vinted.it/items/8725963863-lancha-de-batman|https://www.vinted.it/items/8725998468-furgoneta-morada-barbie|https://www.vinted.it/items/8731901811-pack-playmobil|https://www.vinted.it/items/8739946940-deportivas-elasticas-blancas-tela|https://www.vinted.it/items/8760779402-juego-de-cartas-harry-potter|https://www.vinted.it/items/8760794802-deportivas-puma-nino-talla-24|https://www.vinted.it/items/8760873547-playmobil-pack-deportistas|https://www.vinted.it/items/8774998941-deportivas-adidas-cierrefacil|https://www.vinted.it/items/8790297542-medias-negras-encaje-calcedonia|https://www.vinted.it/items/8907308731-barbie-con-moto|https://www.vinted.it/items/8907360756-moto-barbie-y-muneca
https://www.vinted.it/items/8849694359-reebok-classic-beige,8849694359,20260515_13-41,Reebok classic beige,42.5,Reebok,Scarpe da ginnastica,41,Ottime,Panna,,"Stoere dames sneakers Reebok classic beige . Schoenen zijn in perfecte staat geen gebreken . Zijn paar keer gedragen. Zien er van binnen ook goed uit zie foto. Materiaal synthetisch leer. Verzending is snel en goed verpakt 👍🏻.
... altro",10.0,una settimana fa,3.15,1,True,True,False,martijnkoopman80,"Amsterdam, Paesi Bassi",,5.0,193,['Annunci frequenti'],False,https://www.vinted.it/items/8821468106-disney-playmobil|https://www.vinted.it/items/8858514676-gabor-enkel-laarsjes|https://www.vinted.it/items/8859739112-shirt-met-print|https://www.vinted.it/items/8859783543-topshirt-met-bloemenprint|https://www.vinted.it/items/8859829718-beige-spijkerbroek|https://www.vinted.it/items/8859897606-nette-zwart-gestreepte-broek|https://www.vinted.it/items/8870333031-zwarte-nette-meisjes-korte-broek-name-it|https://www.vinted.it/items/8873111845-loopwagen-met-speelgoed|https://www.vinted.it/items/8907178503-hilfiger-dames-spijkerbroek|https://www.vinted.it/items/8907360281-cocktail-jurkje|https://www.vinted.it/items/8907446563-vintage-tapestry-gilet|https://www.vinted.it/items/8907565541-elegante-ted-baker-london-blazer-in-grijs|https://www.vinted.it/items/8907777766-vancouver-2010-olympische-winter-games-hoodie-official-merch|https://www.vinted.it/items/8909675806-verzameling-spinners|https://www.vinted.it/items/8909716131-spinner-in-doosje|https://www.vinted.it/items/8909767840-schilderen-op-nummer|https://www.vinted.it/items/8909841591-6-doosjes-van-marvel-met-zuurtjes|https://www.vinted.it/items/8910541046-nijntje-dekbedovertrek-ledikant|https://www.vinted.it/items/8911920725-rare-vintage-lacoste-roland-garros-tracksuit-set-90s-archive|https://www.vinted.it/items/8917655646-beige-sweater-met-print
https://www.vinted.it/items/8904058355-zapatillas-reebok-cardi-b,8904058355,20260515_13-41,Zapatillas Reebok Cardi B,38.0,Reebok,Scarpe da ginnastica,38,Ottime,"Bianco, Panna",,En muy buenas condiciones con su embalaje.,3.0,un giorno fa,2.39,1,True,True,False,mima20011979,"España, Spagna",,4.8,3528,['Annunci frequenti'],False,https://www.vinted.it/items/8583987544-camiseta-adidas-x-fiorucci-tee-white|https://www.vinted.it/items/8584044377-zapatillas-adidas-tubular-doom|https://www.vinted.it/items/8600653537-camiseta-puma-showtime-tee-1|https://www.vinted.it/items/8600740675-camiseta-adidas-originals-trefoil-tank|https://www.vinted.it/items/8647209571-top-deportivo-adidas-originals|https://www.vinted.it/items/8661200859-top-deportivo-nike-drif-fit|https://www.vinted.it/items/8661230519-camiseta-adidas-zebra-tee|https://www.vinted.it/items/8756124893-zapatillas-reebok-cardi-b|https://www.vinted.it/items/8756179557-gafas-de-sol-victoriolucchino|https://www.vinted.it/items/8756212843-top-deportivo-nike-drif-fit|https://www.vinted.it/items/8814002395-zapatillas-reebok-dmx-serie-3000|https://www.vinted.it/items/8857908629-vestido-grimey|https://www.vinted.it/items/8887451499-zapatillas-puma-kosmo-rider|https://www.vinted.it/items/8887563472-top-deportivo-tommy-hilfiger|https://www.vinted.it/items/8887612486-zapatillas-air-max-zm-950|https://www.vinted.it/items/8887659763-camiseta-corta-adidas-originals|https://www.vinted.it/items/8901550893-zapatillas-nike-ispa|https://www.vinted.it/items/8901986666-camiseta-deportiva-fila|https://www.vinted.it/items/8904091157-sudadera-jordan-x-hornets|https://www.vinted.it/items/8911350544-mochila-puma-evercat-duo-20
https://www.vinted.it/items/8861436566-grun-pinke-reebok-sneaker,8861436566,20260515_13-41,"Grün, Pinke Reebok Sneaker",49.0,Reebok,Scarpe da ginnastica,40.5,Nuovo senza cartellino,"Verde scuro, Rosa",,"Größe 40,5 

Neu und ungetragen 

Kein Tausch!
... altro",72.0,6 giorni fa,2.95,1,True,True,False,juliaovoxo,,,5.0,2950,['Annunci frequenti'],False,https://www.vinted.it/items/8741090948-schwarzes-midi-kleid|https://www.vinted.it/items/8741109805-vintage-90s-adidas-jogginghose|https://www.vinted.it/items/8747660390-braun-pinker-bikini|https://www.vinted.it/items/8748162589-weisses-hm-oberteil|https://www.vinted.it/items/8749505834-geblumtes-one-shoulder-top|https://www.vinted.it/items/8749561007-rosa-flip-flops|https://www.vinted.it/items/8749632479-weiss-geripptes-hm-oberteil|https://www.vinted.it/items/8766448959-rot-weisser-bikini|https://www.vinted.it/items/8799625715-schwarzer-hm-oversize-blazer|https://www.vinted.it/items/8804294361-schwarzer-high-waist-bikini|https://www.vinted.it/items/8804316188-high-waist-neon-bikini-mit-animaprint|https://www.vinted.it/items/8806559609-bunt-gestreifter-bikini|https://www.vinted.it/items/8807490875-rosa-blaues-mesh-kleid|https://www.vinted.it/items/8808019603-schwarzes-zara-oberteil-zum-binden|https://www.vinted.it/items/8808445437-turkis-weisses-new-york-jets-t-shirt|https://www.vinted.it/items/8861796132-blaues-nike-jersey-trikot-shirt|https://www.vinted.it/items/8894901384-graue-weite-jogginghose|https://www.vinted.it/items/8905932337-hellblaues-hm-off-shoulder-kleid|https://www.vinted.it/items/8906219627-hm-sommerkleid|https://www.vinted.it/items/8906237342-weiss-gehakeltes-beach-oberteil
https://www.vinted.it/items/8880368194-reebok-club-c-vintage-whitegum-nuove-solo-provate,8880368194,20260515_13-42,Reebok Club C Vintage White/Gum Nuove – solo provate,60.0,Reebok,Scarpe da ginnastica,42,Nuovo senza cartellino,Bianco,,"Reebok Club C Vintage bianche con suola gum/crema, stile pulito e super versatile.
Scarpe praticamente nuove, solo provate indoor e mai usate fuori.
Perfette per fit streetwear, casual o minimal.

✔️ Condizioni pari al nuovo
✔️ Comodissime e facili da abbinare
✔️ Vendute con massima cura

📩 Scrivimi per info o altre foto
... altro",27.0,4 giorni fa,3.29,1,True,True,False,ifhyjordan,"Torino, Italia",,4.6,18,[],False,https://www.vinted.it/items/6227068004-white-bomber-fur-hood|https://www.vinted.it/items/8917004556-zapatillas-carolina-herrera|https://www.vinted.it/items/8917715445-acs-salomon-white-silver|https://www.vinted.it/items/8917731390-autry-medalist-low|https://www.vinted.it/items/8917775247-converse-mid-marine-42-neuves|https://www.vinted.it/items/8917799114-nb-530-42|https://www.vinted.it/items/8917801855-asics-gel-kayana-14|https://www.vinted.it/items/8917835218-amiri-ma-1|https://www.vinted.it/items/8917907531-onitsuka-tiger|https://www.vinted.it/items/8917957007-schoenen-adidas|https://www.vinted.it/items/8917974273-adolfo-dominguez-sapatilhas-brancas-42|https://www.vinted.it/items/8917978430-asics-gel-1130-blanc-argente-taille-42|https://www.vinted.it/items/8917980735-nike-air-jordan|https://www.vinted.it/items/8917986711-scarpa-uomo|https://www.vinted.it/items/8918013615-nike-air-max-tl-25-sneaker-gr42-neu|https://www.vinted.it/items/8918024753-air-max-tn-7|https://www.vinted.it/items/8918048435-starter-herren-sneaker-weiss-mit-bunten-akzenten-gr-42|https://www.vinted.it/items/8918066393-basket-neuve|https://www.vinted.it/items/8918089344-nike-shox-tl|https://www.vinted.it/items/8918126828-off-white-out-of-office|https://www.vinted.it/items/8918141591-new-balance-740|https://www.vinted.it/items/8918184290-tres-belles-chaussures|https://www.vinted.it/items/8918195127-basket|https://www.vinted.it/items/8918213804-scarpe-bianche|https://www.vinted.it/items/8918245674-nike-vomero-5
https://www.vinted.it/items/8857639511-reebok-lux-comfort,8857639511,20260515_13-42,Reebok Lux Comfort,60.0,Reebok,Scarpe da ginnastica,43,Nuovo senza cartellino,Bianco,,"Portées une journée, comme neuves.",8.0,6 giorni fa,3.28,1,True,True,False,marc-toesca,"Nantes, Francia",,5.0,131,['Annunci frequenti'],False,https://www.vinted.it/items/7242860902-pull-de-noel|https://www.vinted.it/items/7243402257-baskets-basses-converse|https://www.vinted.it/items/7243430290-baskets-basse-converse|https://www.vinted.it/items/7243462674-baskets-hautes-converse|https://www.vinted.it/items/7664414412-derbies-cat|https://www.vinted.it/items/7664520421-asics-kayano-14|https://www.vinted.it/items/8870913578-tunique|https://www.vinted.it/items/8870945162-sur-chemise-hollister|https://www.vinted.it/items/8870982001-pull-leger-uniqlo|https://www.vinted.it/items/8871031475-pantalon-extra-doux|https://www.vinted.it/items/8871087720-pantalon-cargo-camouflage|https://www.vinted.it/items/8871145737-jean-sim|https://www.vinted.it/items/8871268986-speedcube-megaminx-3x3|https://www.vinted.it/items/8881076269-pentalon-impermeable|https://www.vinted.it/items/8881121164-pantalon-damart|https://www.vinted.it/items/8881149339-jupe-reversible|https://www.vinted.it/items/8881200107-veste-scintillante|https://www.vinted.it/items/8881454553-bonnet-chouffe|https://www.vinted.it/items/8881488736-chaussons-bouillotte|https://www.vinted.it/items/8903971472-premiata-lander-3247
https://www.vinted.it/items/8877598145-jeans-slim-levis-premium,8877598145,20260515_13-42,Jeans slim levis premium,20.0,Levi's,Jeans skinny,S / IT 40 / EU 36,Ottime,Azzurro,,"#VideDressing #SecondeMain #ModeSecondeMain #ModeResponsable #SlowFashion #ModeCirculaire #ModeFemme #ModeEnfant #ModeHomme #BonnesAffaires
... altro",23.0,4 giorni fa,2.88,1,False,True,False,marlnfiq,,,4.9,579,['Annunci frequenti'],False,https://www.vinted.it/items/8876199415-manteau-parka-zara|https://www.vinted.it/items/8876691585-blazer-veste-atmosphere|https://www.vinted.it/items/8876809366-ensemble-blazer-pantalon-zara|https://www.vinted.it/items/8877164191-blouse-mango-s|https://www.vinted.it/items/8877268586-blouse-promod|https://www.vinted.it/items/8877335954-pantalon-fluide-zebre|https://www.vinted.it/items/8877382696-pantalon-jean-78ieme-boule|https://www.vinted.it/items/8877409693-pantacourt-velours-kiabi|https://www.vinted.it/items/8877465389-pantalon-fluide-carreaux|https://www.vinted.it/items/8877557070-pantalon-fluide-velours-undiz|https://www.vinted.it/items/8877632852-jeans-droit-levis|https://www.vinted.it/items/8877803790-jeans-boule-cache-cache|https://www.vinted.it/items/8877854695-jeans-78ieme-large|https://www.vinted.it/items/8877952389-jeans-droit-mim|https://www.vinted.it/items/8877980809-jeans-evase-bershka|https://www.vinted.it/items/8878078812-lot-sweat-a-capuche|https://www.vinted.it/items/8878255189-pantalon-fluide-shein|https://www.vinted.it/items/8878889635-ensemble-velours-kiabi|https://www.vinted.it/items/8878934403-pantalon-fluide-ikks|https://www.vinted.it/items/8879587710-robe-pull-jdy
https://www.vinted.it/items/8800462536-question-low-blue-print,8800462536,20260515_13-42,Question Low blue print,45.0,Reebok,Scarpe da basket,38.5,Ottime,Blu,,"Superbe sneakers reebok des années 2000. Comme neuves, quasi jamais portées, rare paire à l'effigie de Alen Iverson célèbre NBA, icone du streetwear 😎",8.0,una settimana fa,2.88,1,True,True,False,oronetwo,,,5.0,505,['Annunci frequenti'],False,https://www.vinted.it/items/6026388535-piercing-4-et-5-mm|https://www.vinted.it/items/6145443350-t-shirt|https://www.vinted.it/items/6145674145-the-walking-dead-orchestra|https://www.vinted.it/items/6145756816-t-shirt-rumble|https://www.vinted.it/items/6192029787-t-shirt-nba|https://www.vinted.it/items/6360813254-whyte-mackay|https://www.vinted.it/items/6741204950-gant-gonflable-emp|https://www.vinted.it/items/6741329489-air-jordan-200-e|https://www.vinted.it/items/7880477651-ultra-boost|https://www.vinted.it/items/7920092432-demande-a-la-poussiere|https://www.vinted.it/items/7954385213-lattaque-des-titans-t12|https://www.vinted.it/items/8150668114-t-shirt-misery-index|https://www.vinted.it/items/8150815799-t-shirt-the-walking-dead-orchestra|https://www.vinted.it/items/8150872569-t-shirt-watcha|https://www.vinted.it/items/8153930924-t-shirt-huracan|https://www.vinted.it/items/8503551836-hoodie-absolva|https://www.vinted.it/items/8503605183-hoodie-blind-guardian|https://www.vinted.it/items/8800076815-dmx-shoes|https://www.vinted.it/items/8800382942-allstar-chaudes|https://www.vinted.it/items/8800544375-dmx-daytona
https://www.vinted.it/items/8873517711-zapatillas-reebok-campio-xt,8873517711,20260515_13-43,Zapatillas Reebok Campio XT,38.0,Reebok,Scarpe da ginnastica,44.5,Nuovo con cartellino,Bianco,,Zapatillas Reebok Campio XT. Cómodas e ideales para el dia a día.,5.0,4 giorni fa,1.95,1,False,True,False,amsterdamers,,,5.0,246,['Annunci frequenti'],False,https://www.vinted.it/items/8889279296-botines-ckarks-boozer-cap|https://www.vinted.it/items/8894817849-skechers-slip-ins|https://www.vinted.it/items/8895247893-geographical-norway-orlando-men-db-606-rojas|https://www.vinted.it/items/8896478054-geographical-norway-ocalm-db-612|https://www.vinted.it/items/8897634801-reebok-hexalite|https://www.vinted.it/items/8897971666-zapatillas-unisex-reebok-classic-hexalite|https://www.vinted.it/items/8898630665-skechers-los-angeles|https://www.vinted.it/items/8902408132-botas-militares-pull-bear-con-cordones|https://www.vinted.it/items/8902453898-reebok-club-cltd-brawun-canvas|https://www.vinted.it/items/8903349707-skechers-go-run-lite|https://www.vinted.it/items/8903683469-zapatillas-hoff-de-piel-avignon|https://www.vinted.it/items/8903933176-zapatillas-hoff-de-piel-avignon|https://www.vinted.it/items/8905744804-skechers-de-bota-snoop-dogg-azul|https://www.vinted.it/items/8905746326-reebok-glide-ripple-confort-footbed|https://www.vinted.it/items/8912782319-ckarks-ltlace-gris|https://www.vinted.it/items/8915673805-zapatillas-bota-alta-geographical-norway-olain-db-men-050-negras-y-azules|https://www.vinted.it/items/8915675883-zapatillas-clarks-nature-x-one-navy-comby|https://www.vinted.it/items/8915679739-botines-clarks-brantin-mid-de-cuero-negro|https://www.vinted.it/items/8915686128-zapatillas-hombre-munich-sneakers-vencia-05|https://www.vinted.it/items/8917615705-pack-de-calzoncillos-scotch-soda-amsterdam
https://www.vinted.it/items/8505541830-palace-x-reebok-pro-workout-low,8505541830,20260515_13-43,Palace x Reebok Pro Workout Low,60.0,Reebok,Scarpe da ginnastica,"42,5",Nuovo senza cartellino,Nero,Pelle,"Pro Workout Low Men Palace collaboration. Brand new, never worn and gifted so no receipt.
#palace",51.0,6 settimane fa,3.28,1,True,True,False,layers74,,,5.0,139,['Annunci frequenti'],False,https://www.vinted.it/items/8505227417-supreme-button-up-shirt|https://www.vinted.it/items/8514043849-adidas-stan-smith-edison-chen|https://www.vinted.it/items/8620587267-adidas-y-3-palace-hooded-parka|https://www.vinted.it/items/8673133376-adidas-fucking-awesome-camo-sherpa-pants|https://www.vinted.it/items/8673166922-supreme-damien-hurst-tee-shirt|https://www.vinted.it/items/8673216360-supreme-stone-island-tee-shirt|https://www.vinted.it/items/8673331244-adidas-dime-goretex-studded-jacket|https://www.vinted.it/items/8794584722-adidas-blondey-winterhill-spezial|https://www.vinted.it/items/8794886824-adidas-spezial-haslingden-jacket|https://www.vinted.it/items/8803203972-adidas-pop-campus|https://www.vinted.it/items/8805183084-adidas-dime-superstar-adv
https://www.vinted.it/items/7541581357-scarpe-da-ginnastica-reebok,7541581357,20260515_13-43,Scarpe da ginnastica Reebok,14.0,Reebok,Scarpe da ginnastica con chiusura a strappo,33,Ottime,"Rosa, Grigio",,Scarpe da ginnastica Reebok taglia 33 colore grigio chiaro- rosa. Usate poco come nuove.,12.0,6 mesi fa,2.29,1,True,True,False,lguc24,"Creazzo, Italia",,5.0,1,[],False,https://www.vinted.it/items/7489299390-piumino-per-culla-daunex|https://www.vinted.it/items/7541820340-pelosotti-neri|https://www.vinted.it/items/7559120790-giaccone-bambina-mayoral|https://www.vinted.it/items/7633380667-stivali-di-gomma-per-bambina|https://www.vinted.it/items/7785338370-jeans-cycle-uomo|https://www.vinted.it/items/7785368154-jeans-cycle-grigio-chiaro|https://www.vinted.it/items/7785396231-jeans-goha-uomo|https://www.vinted.it/items/7967769555-scarpe-da-ginnastica-nike
https://www.vinted.it/items/8876946861-sneakers-bianche-reebok,8876946861,20260515_13-43,Sneakers Bianche REEBOK,15.0,Reebok,Scarpe da tennis,41,Ottime,Bianco,Pelle,"Vendo Sneakers Bianche Reebok usate pochissimo (guardare suola). ✅

COSTO NUOVE 39.99€

Taglia 40.5 MA VESTONO NUMERO IN PIÙ 
MODELLO ESATTO:
REEBOK ROYAL COMPLETE 
SNEAKERS BIANCHE

Per info contattatemi.
... altro",5.0,4 giorni fa,3.29,1,False,True,False,g.buriasco,"Torino, Italia",,4.6,23,['Spedizione rapida'],False,https://www.vinted.it/items/8289700180-cappotto-lana-brooksfield-nero|https://www.vinted.it/items/8903553846-basket-lacoste|https://www.vinted.it/items/8904222720-sapatilhas-de-padel-kuikma|https://www.vinted.it/items/8907684520-scarpe-sportive-at10max-decathlon-n-41|https://www.vinted.it/items/8908034120-puma-court-star|https://www.vinted.it/items/8908084610-chaussures-de-tennis-nike-vapor-cage|https://www.vinted.it/items/8908124259-stan-smith-edition-noel|https://www.vinted.it/items/8908402905-scarpe-lotto-tg41-3m-1973-amf-evo-vii|https://www.vinted.it/items/8908475864-basket-tommy-hilfiger|https://www.vinted.it/items/8908635693-scarpe-prima-classe-taglia-41|https://www.vinted.it/items/8911561980-camper-ledersneaker|https://www.vinted.it/items/8911800460-basket-air-force-one-lot-type-n-354|https://www.vinted.it/items/8911854046-zapatillas-ecoalf|https://www.vinted.it/items/8911948830-state-of-order|https://www.vinted.it/items/8912349740-chaussure-de-sport-adidas-court-control|https://www.vinted.it/items/8912969075-adidas-stan-smith|https://www.vinted.it/items/8914287363-basket-blanche|https://www.vinted.it/items/8914471084-scarpe-mcqeen|https://www.vinted.it/items/8914654262-zapatillas-padel-puma-nova-elite|https://www.vinted.it/items/8914857763-chaussures-taille-41|https://www.vinted.it/items/8915111456-mizuno-wave-ultima-12|https://www.vinted.it/items/8915785885-adidas-stan-smith-taglia-41-e-un-terzo-con-scontrino|https://www.vinted.it/items/8915926542-p448-nuove|https://www.vinted.it/items/8917894090-adidas-superstar|https://www.vinted.it/items/8917943683-zapatos-de-tenis-adidas-talla-41-13-fr
https://www.vinted.it/items/8569831925-scarpe-bambina,8569831925,20260515_13-43,Scarpe bambina,1.0,Reebok,Scarpe da ginnastica con chiusura a strappo,22,Buone,Bianco,,Scarpe bambina,3.0,5 settimane fa,1.69,1,False,True,False,giuliosintesi,,,5.0,545,['Annunci frequenti'],False,https://www.vinted.it/items/8910054471-maglia-donna|https://www.vinted.it/items/8910108966-bluse-donna|https://www.vinted.it/items/8910301870-riviste-ricette-vintage|https://www.vinted.it/items/8910367024-maglia-donna|https://www.vinted.it/items/8910395190-canotta-donna|https://www.vinted.it/items/8910504311-costume-pitonato|https://www.vinted.it/items/8910739004-completo-tuta-white-ragazzo|https://www.vinted.it/items/8910905948-bluse-donna|https://www.vinted.it/items/8910936771-vestito-donna|https://www.vinted.it/items/8912876019-maglia-uomo|https://www.vinted.it/items/8912969779-camicia-ragazza|https://www.vinted.it/items/8913035851-maglia-bambina|https://www.vinted.it/items/8913191060-maglia-ragazzo|https://www.vinted.it/items/8913235520-maglia-bambina|https://www.vinted.it/items/8913262655-vestito-bambina|https://www.vinted.it/items/8913291751-vestito-bambina|https://www.vinted.it/items/8913410576-pantaloncino-donna|https://www.vinted.it/items/8913443997-pantaloncino-donna|https://www.vinted.it/items/8913491602-pantalone-donna|https://www.vinted.it/items/8913526857-pantalone-uomo
https://www.vinted.it/items/8904428280-reebok-shaq-attaq-omaggio,8904428280,20260515_13-44,Reebok Shaq Attaq +omaggio,1.0,Reebok,Scarpe da ginnastica,"42,5",Ottime,"Nero, Blu",,"🙏 OFFERTA RAGIONEVOLE 🙏 


La regione selezionata mostra le scarpe da basket Reebok Shaq Attaq nella colorazione ""Black Azure"". Si tratta dell'iconico modello high-top firmato dalla leggenda dell'NBA Shaquille O'Neal, originariamente lanciato negli anni '90 e caratterizzato dalla celebre tecnologia di ammortizzazione ad aria Reebok Pump sulla linguetta. 

Tomaia: Realizzata in pregiata pelle nera con pannelli azzurro metallizzato (""Azure Blue"").Tecnologia: Sistema Pump integrato per una calzata personalizzata e piastra Graphlite in fibra di carbonio visibile sul tallone.


i prezzi di retail si aggirano intorno hai 400/600 euro e questo
... altro",5.0,un giorno fa,1.69,1,True,True,False,ciro1991ultras,"San Giorgio A Cremano, Italia",,4.7,43,['Annunci frequenti'],False,https://www.vinted.it/items/8658664472-reebok-shaq-attaq-offri|https://www.vinted.it/items/8666526850-banana-da-mettere-in-c-agli-amici|https://www.vinted.it/items/8666539610-diadora-mythos-41-42-43-44-45-prezzo-trattabile|https://www.vinted.it/items/8666570589-polo-di-adora|https://www.vinted.it/items/8766290091-adidas-samoa-beige|https://www.vinted.it/items/8766304282-zaino-fear-of-love|https://www.vinted.it/items/8766515756-edizione-limitata|https://www.vinted.it/items/8766534880-giubbino-x-bambini-pirex|https://www.vinted.it/items/8766557872-giubbino-in-pelle-per-bambino|https://www.vinted.it/items/8766579381-giubbino-anti-vento-x-bambini|https://www.vinted.it/items/8766594702-set-di-giubbini-da-bambino|https://www.vinted.it/items/8766607471-set-da-bambino|https://www.vinted.it/items/8893155792-polo-verde|https://www.vinted.it/items/8896068870-canottiera-turnover|https://www.vinted.it/items/8896199000-pantaloncini-femminile|https://www.vinted.it/items/8896251384-giacca-femminile-ecopelle|https://www.vinted.it/items/8896710822-camicia-gialla-trasparente|https://www.vinted.it/items/8896823446-17-capi-di-abbigliamento-bambino|https://www.vinted.it/items/8904355267-adidas-samoa-beige|https://www.vinted.it/items/8904381836-adidas-samba
https://www.vinted.it/items/8900771860-reebok-sneaker-gr365,8900771860,20260515_13-44,"Reebok Sneaker Gr.36,5",17.0,Reebok,Scarpe da ginnastica,36.5,Ottime,"Bianco, Menta",,"Sehr schöne weiße Reebok Sneaker in sehr gutem Zustand. Neutral und perfekt fürs Frühjahr. 
Nur leichtes Pilling beim Innenfutter von dunkleren Socken.

Nichtraucherhaushalt!
... altro",1.0,un giorno fa,4.29,1,True,True,False,judijac,"Heiden, Germania",,5.0,135,['Annunci frequenti'],False,https://www.vinted.it/items/8406050894-topomini-cargohose-gr74|https://www.vinted.it/items/8432218482-palado-ledersandale-korfu-gr36-neu|https://www.vinted.it/items/8432254307-tamaris-ledersandale-gr36|https://www.vinted.it/items/8502172211-adidas-sneaker-gazelle-gr38|https://www.vinted.it/items/8508965504-bodies-gr56-neu|https://www.vinted.it/items/8508985397-bodies-gr56-neu|https://www.vinted.it/items/8509004735-latzshort-topomini-gr62|https://www.vinted.it/items/8546300590-esprit-kleid-gr36-neu|https://www.vinted.it/items/8655078662-adidas-sneaker-gr25|https://www.vinted.it/items/8655092509-adidas-sneaker-gr25|https://www.vinted.it/items/8655122382-puma-sneaker-gr24|https://www.vinted.it/items/8655150402-super-fit-gr24|https://www.vinted.it/items/8659395517-mom-jeans-gr38|https://www.vinted.it/items/8690347579-teddyjacke-grs|https://www.vinted.it/items/8699602874-lederschuhe-naturino-gr25|https://www.vinted.it/items/8745430659-lena-traktor-gross|https://www.vinted.it/items/8866340818-ecco-kinderschuhe-gr24|https://www.vinted.it/items/8871474483-teddysweatshirt-gr98|https://www.vinted.it/items/8900742950-puma-sneaker-creme-gr37|https://www.vinted.it/items/8908236052-suche-cap-gr51cm
https://www.vinted.it/items/8913053079-reebok-maat-41,8913053079,20260515_13-44,Reebok maat 41,20.0,Reebok,Scarpe da ginnastica,41,Ottime,"Bianco, Nero",,2 x gedragen,2.0,18 ore fa,2.89,1,True,True,False,isavanderkooij,"Leiden, Paesi Bassi",,4.9,150,['Annunci frequenti'],False,https://www.vinted.it/items/8534351291-aya-label-bikini-top|https://www.vinted.it/items/8534378979-hm-cropped-top|https://www.vinted.it/items/8534423132-biker-short-hm|https://www.vinted.it/items/8880554417-off-shoulder-top-hm|https://www.vinted.it/items/8912869281-bodywarmer-h2ofagerholt|https://www.vinted.it/items/8915026278-weekday-top-ml|https://www.vinted.it/items/8915051093-four-shirt|https://www.vinted.it/items/8917835128-mini-overgooier-monki|https://www.vinted.it/items/8917859856-panter-rok-zara|https://www.vinted.it/items/8918004101-samsoe-samsoe-jurk
https://www.vinted.it/items/8857753999-baskets-femme-39-reebok,8857753999,20260515_13-45,Baskets femme 39 Reebok,9.0,Reebok,Scarpe da ginnastica,39,Ottime,Bianco,Pelle,Baskets femme en bon état. Mamie de lacet rose automatique.,28.0,6 giorni fa,3.23,1,True,True,False,vovonne47,"Décines-Charpieu, Francia",,4.9,604,['Annunci frequenti'],False,https://www.vinted.it/items/1703274548-sac-a-main-noir-en-cuir|https://www.vinted.it/items/2915234353-sac-fourre-tout-neuf|https://www.vinted.it/items/3706784493-embrasses-pour-panneaux-lourd|https://www.vinted.it/items/4740246976-ballerines-39|https://www.vinted.it/items/5026272432-escarpins-femme-retro|https://www.vinted.it/items/5698951919-aerateur-de-ventilation|https://www.vinted.it/items/6054257134-ensemble-femme-44|https://www.vinted.it/items/6368963080-superbe-robe-de-marque-jamais-porter-trop-grande-pour-moi|https://www.vinted.it/items/6369038463-chaussures-homme-42|https://www.vinted.it/items/6560905970-magazines-velo-plus-de-100-magazines|https://www.vinted.it/items/7754042819-manteau-femme-xl|https://www.vinted.it/items/7999540315-popeline-creme-44|https://www.vinted.it/items/7999829098-parka-court|https://www.vinted.it/items/8113683711-robe-femme-44|https://www.vinted.it/items/8113714490-robe-de-ceremonie-femme-va-jusquau-42|https://www.vinted.it/items/8530739152-jupe-femme-assymetrique-44|https://www.vinted.it/items/8598905187-robe-longue-beige-rose-xl|https://www.vinted.it/items/8598936079-robe-longue-fleurie-44|https://www.vinted.it/items/8777580897-robe-femme-longue-44|https://www.vinted.it/items/8857805597-sandales-39-a-talons-fins-de-7-cm
https://www.vinted.it/items/7340983107-sneakers-reebok,7340983107,20260515_13-45,Sneakers Reebok,30.0,Reebok,Scarpe da ginnastica,39,Nuovo senza cartellino,"Bianco, Rosso",,"Baskets Reebok 
Taille 39
Jamais portées seulement essayées 
Modèle Club C Revenge Legacy
Je n’ai plus la boîte d’origine
... altro",25.0,6 mesi fa,3.28,1,True,True,False,alexiag21,,,4.9,418,[],False,https://www.vinted.it/items/6815744013-pantalon-jacqueline-riu|https://www.vinted.it/items/6850302557-chemise-jean-la-redoute|https://www.vinted.it/items/6850349885-chemise-boohoo|https://www.vinted.it/items/7006329365-marque-page-kimmidoll|https://www.vinted.it/items/7142680893-maillot-de-bain-homme|https://www.vinted.it/items/7570233787-robe-etam-taille-38|https://www.vinted.it/items/7570313846-top-taille-38|https://www.vinted.it/items/7841580206-jean-etam-taille-38|https://www.vinted.it/items/7879913425-sandale-camaieu|https://www.vinted.it/items/7894818452-pantalon-slim-vicomte|https://www.vinted.it/items/7962154925-robe-mango-taille-m|https://www.vinted.it/items/8190730513-huile-prodigieuse-roll-on-nice|https://www.vinted.it/items/8352732394-top-captain-tortue|https://www.vinted.it/items/8352756643-top-camaieu|https://www.vinted.it/items/8352783753-topblouse-sans-manche-hm|https://www.vinted.it/items/8416786856-bougie-partylite|https://www.vinted.it/items/8487422918-pot-a-bougie-1-meche-partylite|https://www.vinted.it/items/8899380790-chemise-gemo|https://www.vinted.it/items/8900488490-pull-homme-gemo|https://www.vinted.it/items/8914277513-harnais-canicross-inlandsis
https://www.vinted.it/items/8760598713-reebok-easytone-smoothfit,8760598713,20260515_13-45,Reebok easytone smoothfit.,10.0,Reebok,Scarpe da ginnastica,40,Ottime,"Nero, Bianco",,"Reebok afirma que usar estas zapatillas hará que tus músculos trabajen hasta un 28% más de lo normal . Tus glúteos, muslos, pantorrillas e isquiotibiales se ejercitarán simplemente usando estas zapatillas en lugar de calzado común.

Usadas 2 veces, me quedan pequeñas.
... altro",10.0,2 settimane fa,2.65,1,True,True,False,yleal,,,4.9,291,['Annunci frequenti'],False,https://www.vinted.it/items/8455147318-camiseta-hombre-de-manga-corta-degradado|https://www.vinted.it/items/8490788649-samsung-galaxy-tab-a-7-tablet-de-104|https://www.vinted.it/items/8490840377-samsung-galaxy-tab-a-7incluye-caja|https://www.vinted.it/items/8490906419-bandas-de-supresion|https://www.vinted.it/items/8518780777-conjunto-corte-ingles-coconut-98cm|https://www.vinted.it/items/8539706633-chanclas-con-plataforma-y-tacon-medio-de-eva-para-mujer|https://www.vinted.it/items/8568761044-enchufe-multiple|https://www.vinted.it/items/8569604485-alargador|https://www.vinted.it/items/8599747431-neceser-minnie-disney|https://www.vinted.it/items/8637898206-lampara-uv-portatil-de-6-led-para-uso-domestico|https://www.vinted.it/items/8654594408-pantalon-de-chandal-kappa|https://www.vinted.it/items/8765642389-pendientes-de-perla-con-flor|https://www.vinted.it/items/8765667739-pendientes-acero-color-oro|https://www.vinted.it/items/8793062714-vestido-estampado-de-tela-con-abertura-en-la-pierna|https://www.vinted.it/items/8793182357-vestido-verde-de-verano|https://www.vinted.it/items/8800973709-maquillaje-en-barra-01|https://www.vinted.it/items/8841372403-pendientes-aro-cuadrados|https://www.vinted.it/items/8863463546-set-de-3-pulseras-para-reloj-de-20mm|https://www.vinted.it/items/8917652994-bic-4-colores|https://www.vinted.it/items/8917681060-marcadores-dobles
https://www.vinted.it/items/8696282155-reebok-classic-club-c-85-taille-39,8696282155,20260515_13-45,Reebok Classic Club C 85 taille 39,8.0,Reebok,Scarpe da ginnastica,39,Discrete,"Bianco, Verde",,"Reebok 
Modèle Vintage 
Bon état d'usage 
Taille 39
... altro",11.0,3 settimane fa,2.83,1,True,True,False,julien919,"Nantes, Francia",,4.8,117,[],False,
https://www.vinted.it/items/8607647151-sapatilhas-reebok,8607647151,20260515_13-45,Sapatilhas Reebok,45.0,Reebok,Scarpe da ginnastica,42,Nuovo con cartellino,"Bianco, Blu marino",,Artigo novo,19.0,5 settimane fa,1.95,1,True,True,False,josecostaricardo,"Vagos, Portogallo",,3.7,3,['Spedizione rapida'],False,https://www.vinted.it/items/7937736754-t-shirt-rick-and-morty|https://www.vinted.it/items/7938046806-caneca-eletrica-quente|https://www.vinted.it/items/7938091501-mini-camera-wifi-ip|https://www.vinted.it/items/7959228045-tablet-design-inspiroy-ink-h320m-capa-castanha|https://www.vinted.it/items/7977773590-hoverboard-kart-pilot|https://www.vinted.it/items/8818711761-relogio-novo
https://www.vinted.it/items/8878148843-deportivos-reebok-mujer,8878148843,20260515_13-46,Deportivos Reebok Mujer,18.0,Reebok,Scarpe da ginnastica,39,Ottime,Bianco,,En perfecto estado.,8.0,4 giorni fa,2.39,1,True,True,False,judithcm04,"Torre Pacheco, Spagna",,5.0,59,['Annunci frequenti'],False,https://www.vinted.it/items/8826341273-pijama-conejo-terciopelo|https://www.vinted.it/items/8826372652-pack-2-cascos|https://www.vinted.it/items/8826406476-pack-2-barajas-espanolas-cartas-uno|https://www.vinted.it/items/8868728694-pack-2-bufandas|https://www.vinted.it/items/8868747523-pack-2-panuelos|https://www.vinted.it/items/8868774126-pack-2-neceser|https://www.vinted.it/items/8868790898-funda-samsung-galaxy-a71|https://www.vinted.it/items/8868829383-bolso-esparto|https://www.vinted.it/items/8868876992-pack-3-camisetas-hombre|https://www.vinted.it/items/8876934688-cojin-cervical|https://www.vinted.it/items/8877252417-pack-2-mayas-reductoras|https://www.vinted.it/items/8877384248-sudadera-brooklyn-mujer|https://www.vinted.it/items/8877631406-rinonera-unisex|https://www.vinted.it/items/8877689022-pantalon-vaquero-premama|https://www.vinted.it/items/8877885057-bolso-xti-nuevo|https://www.vinted.it/items/8877974836-disfraz-zombie-colegial|https://www.vinted.it/items/8878103121-bikini|https://www.vinted.it/items/8878521056-peto-bershka|https://www.vinted.it/items/8878573073-vestido-manga-larga|https://www.vinted.it/items/8878642263-vestido-negro
https://www.vinted.it/items/8894183466-sapatilhas-reebok-club-c,8894183466,20260515_13-46,Sapatilhas Reebok Club C,20.0,Reebok,Scarpe da ginnastica,37,Ottime,"Grigio, Bianco",Camoscio,"Sapatilhas em ótimo estado, usadas poucas vezes. Não inclui caixa. Tamanho 37
Qualquer dúvida, disponha ☺️",13.0,2 giorni fa,1.95,1,True,True,False,janinacunha,"Golães, Portogallo",,5.0,8,[],False,https://www.vinted.it/items/3887321219-camisola-dickies|https://www.vinted.it/items/3922510136-casaco-mulher-tipo-sarja-bershka|https://www.vinted.it/items/5018539907-sapatilhas-desportivas|https://www.vinted.it/items/8894244812-sapatilhas-asics-japan-s|https://www.vinted.it/items/8914693604-new-balance-9060|https://www.vinted.it/items/8915160710-converses-baskets|https://www.vinted.it/items/8915332493-baskets-liu-jo|https://www.vinted.it/items/8915402644-yezyys-380-schuhe|https://www.vinted.it/items/8915844562-superga-platform-37|https://www.vinted.it/items/8916068642-sneakers|https://www.vinted.it/items/8916170919-zapatillas-new-balance-2002r-talle-37|https://www.vinted.it/items/8916499630-sneakers-alberto-guardiani-37|https://www.vinted.it/items/8916510454-campus-grises|https://www.vinted.it/items/8916706604-fila-sneakers|https://www.vinted.it/items/8916762505-tamaris-schuhe-37|https://www.vinted.it/items/8916880544-new-balance-550-grise-blanche|https://www.vinted.it/items/8917046372-zapatillas-de-nina-estilo-mocasines-talla-37|https://www.vinted.it/items/8917091768-chaussures-padel|https://www.vinted.it/items/8917106579-vans-knew-school|https://www.vinted.it/items/8917176989-new-balance-530|https://www.vinted.it/items/8917430382-zapatillas-bota-nike|https://www.vinted.it/items/8917542587-baskets-na-kd-t37|https://www.vinted.it/items/8917578847-sneakers-moschino|https://www.vinted.it/items/8917614904-converse-chuck-taylor-talla-37|https://www.vinted.it/items/8917623411-basket-adidas-tubular-grise-blanche|https://www.vinted.it/items/8917996564-scarpe-sneakers-munich-37|https://www.vinted.it/items/8918114358-new-balance-204l|https://www.vinted.it/items/8918215252-campus-grise
